Country,2002,2003,2004,2005,2006,2007,2008,2009,2010,2011,2012,2013,2014,2015,2016,2017,2018,2019,mean of per capita GDP of countries(2002-2019)
Afghanistan,196.683,196.954,214.23,248.049,270.189,321.441,377.256,430.867,532.072,602.183,661.087,635.635,629.332,594.513,560.601,569.531,544.983,513.108,449.9285556
Albania,"1,425.13","1,846.12","2,373.58","2,673.77","2,972.75","3,595.05","4,370.56","4,114.09","4,097.83","4,439.89","4,248.91","4,415.60","4,584.92","3,953.61","4,124.41","4,540.46","5,239.21","5,372.74",3799.368167
Algeria,"1,806.86","2,128.39","2,636.31","3,141.03","3,508.96","3,986.56","4,943.50","3,886.06","4,480.72","5,453.89","5,574.51","5,477.06","5,466.33","4,153.32","3,918.94","4,012.13","4,080.91","3,980.12",4035.310944
Angola,841.42,951.969,"1,222.04","1,862.42","2,561.86","3,099.09","4,081.69","3,146.80","3,641.44","4,716.25","5,245.02","5,436.52","5,625.74","4,354.92","3,676.83","4,303.69","3,620.59","3,037.98",3412.570222
Antigua and Barbuda,"10,482.37","10,893.15","11,582.52","12,738.00","14,264.57","15,996.06","16,514.08","14,616.95","13,568.91","13,295.36","13,874.19","13,514.89","14,144.12","14,967.36","15,914.68","16,089.36","17,464.34","18,109.10",14334.99944
Argentina,"2,898.29","3,645.94","4,314.10","5,163.55","5,976.08","7,315.73","9,146.79","8,337.81","10,412.97","12,787.81","13,889.79","14,488.83","13,208.83","14,895.32","12,772.87","14,588.01","11,658.22","9,887.79",9743.818
Armenia,779.122,923.387,"1,180.40","1,628.06","2,128.15","3,079.03","3,913.44","2,911.76","3,121.78","3,417.17","3,575.53","3,732.04","3,889.00","3,529.03","3,524.00","3,868.91","4,187.61","4,527.59",2995.333611
Aruba,"21,081.79","21,704.38","23,421.30","23,874.64","24,389.24","26,114.09","27,204.89","24,594.68","23,468.60","24,801.81","24,236.81","24,253.14","24,599.30","24,686.16","24,075.52","24,164.36","25,366.48","25,976.24",24334.07844
Australia,"21,644.93","27,222.02","32,750.64","36,151.01","37,868.90","45,105.29","49,151.94","45,685.17","56,453.66","67,222.19","68,436.08","65,171.23","61,652.51","51,496.63","51,978.95","55,973.64","56,420.20","53,825.16",49122.7855
Austria,"26,508.31","32,298.61","36,883.89","38,450.61","40,674.88","46,922.56","51,914.01","48,111.65","46,955.17","51,452.29","48,616.90","50,747.38","51,814.42","44,266.42","45,105.31","47,389.37","51,343.51","50,022.61",44970.99556
Azerbaijan,760.812,879.863,"1,039.82","1,571.29","2,458.42","3,818.27","5,578.56","4,963.77","5,880.81","7,242.81","7,545.87","7,926.09","7,939.17","5,300.14","3,897.71","4,212.47","4,722.33","4,689.38",4468.198333
The Bahamas,"28,477.06","28,043.46","28,239.07","30,269.03","30,908.21","31,894.39","31,248.60","29,296.49","29,303.26","28,906.97","30,433.05","29,654.01","30,299.73","32,268.96","32,418.00","32,629.17","32,996.80","33,261.32",30585.97694
Bahrain,"13,501.55","14,486.06","15,963.98","17,966.22","19,267.57","20,908.34","23,236.06","19,465.29","20,827.72","24,080.43","25,434.45","25,965.31","25,398.32","22,714.28","22,651.91","24,399.25","25,482.74","25,273.15",21501.25656
Bangladesh,419.69,454.097,485.663,495.486,523.025,584.5,655.954,728.387,807.531,857.496,916.025,"1,030.03","1,163.04","1,303.18","1,458.85","1,605.99","1,749.33","1,905.72",952.4438333
Barbados,"11,442.56","11,788.65","12,612.21","13,939.67","15,334.01","16,925.61","17,254.23","16,036.40","16,203.26","16,599.01","16,371.95","16,556.10","16,572.31","16,589.45","16,947.63","17,423.25","17,758.08","18,069.38",15801.32106
Belarus,"1,480.15","1,811.86","2,370.27","3,115.51","3,838.29","4,726.48","6,366.19","5,345.33","6,023.15","6,472.74","6,938.07","7,977.15","8,316.01","5,941.24","5,022.47","5,757.29","6,283.48","6,603.92",5243.866222
Belgium,"25,210.22","30,864.48","35,723.70","37,117.57","39,022.29","44,638.33","48,813.54","45,191.40","44,688.20","47,961.50","44,978.08","46,784.34","47,550.23","40,594.39","41,540.27","43,689.62","46,695.99","45,175.59",42013.31828
Belize,"3,516.41","3,618.47","3,743.26","3,818.45","4,040.72","4,143.09","4,249.07","4,135.73","4,316.26","4,475.07","4,588.80","4,599.12","4,742.92","4,811.58","4,806.07","4,828.35","4,862.05","4,925.18",4345.588722
Benin,574.524,711.107,798.382,823.24,856.1,966.317,"1,125.30","1,087.58","1,037.38","1,130.08","1,145.88","1,251.25","1,291.76","1,076.91","1,086.97","1,136.14","1,241.77","1,216.63",1030.961333
Bhutan,842.667,932.757,"1,056.23","1,171.86","1,288.49","1,501.91","1,865.18","1,721.43","1,998.77","2,382.11","2,445.20","2,451.85","2,387.79","2,604.81","2,680.46","2,937.51","3,160.06","3,423.05",2047.339611
Bolivia,914.958,918.468,979.59,"1,049.06","1,240.94","1,399.80","1,749.20","1,789.60","1,994.91","2,394.79","2,664.57","2,920.52","3,096.84","3,050.65","3,094.99","3,368.76","3,565.50","3,670.96",2214.672389
Bosnia and Herzegovina,"1,777.34","2,242.97","2,686.00","2,891.68","3,296.75","4,060.06","4,971.82","4,697.84","4,611.35","5,050.03","4,716.64","5,036.03","5,194.01","4,584.26","4,808.30","5,155.55","5,754.74","5,741.76",4293.174278
Botswana,"3,017.72","4,119.41","4,840.81","5,338.24","5,352.87","5,676.26","5,641.18","5,183.69","6,374.99","7,503.96","7,710.80","7,007.25","7,497.70","6,538.62","6,958.34","7,584.05","7,973.14","7,859.18",6232.121222
Brazil,"2,853.57","3,086.09","3,655.33","4,814.67","5,914.45","7,385.31","8,873.15","8,641.61","11,327.37","13,295.66","12,426.58","12,357.40","12,175.96","8,845.67","8,751.18","9,926.29","8,958.58","8,796.91",8449.208722
Brunei Darussalam,"18,845.72","20,821.91","24,294.89","29,514.11","34,941.38","36,692.72","42,678.82","31,287.18","35,437.22","47,092.30","47,772.21","44,860.43","41,947.16","31,355.74","27,318.05","28,236.77","30,668.37","27,871.45",33424.24656
Bulgaria,"2,074.58","2,689.77","3,344.62","3,839.45","4,444.51","5,812.68","7,152.79","6,859.68","6,743.74","7,836.58","7,399.39","7,667.59","7,888.56","7,017.41","7,496.08","8,275.44","9,313.83","9,518.44",6409.729944
Burkina Faso,261.891,332.892,371.698,407.499,419.813,475.794,572.005,554.368,576.478,667.596,674.21,700.234,704.984,575.604,582.987,643.786,715.769,717.962,553.0872222
Burundi,116.392,108.066,122.381,148.71,164.575,170.174,195.79,208.78,231.549,247.097,250.118,267.696,296.186,294.496,298.006,312.463,306.966,309.87,224.9619444
Cabo Verde,"1,502.61","1,937.15","2,186.53","2,297.77","2,572.57","3,112.29","3,638.90","3,444.56","3,312.83","3,670.43","3,408.48","3,558.80","3,535.39","2,996.79","3,083.54","3,244.55","3,578.66","3,598.63",3037.804778
Cambodia,337.501,360.659,405.629,470.683,536.151,627.78,741.855,734.655,781.912,877.635,951.077,"1,013.44","1,093.80","1,165.06","1,270.98","1,385.93","1,504.26","1,620.64",882.2023889
Cameroon,705.615,862.274,"1,004.87","1,007.39","1,056.32","1,187.89","1,367.90","1,309.59","1,282.37","1,402.98","1,357.15","1,471.21","1,552.47","1,338.60","1,377.85","1,441.55","1,555.67","1,514.60",1266.460556
Canada,"24,279.04","28,338.57","32,176.40","36,439.16","40,558.03","44,717.01","46,773.87","40,990.63","47,627.32","52,285.94","52,744.03","52,708.61","51,020.69","43,626.43","42,439.65","45,217.03","46,290.22","46,212.84",43024.74722
Central African Republic,260.865,310.302,336.409,356.688,381.315,427.313,485.807,482.648,492.078,548.966,555.404,366.867,403.23,353.807,373.3,415.652,448.74,447.992,413.7435
Chad,287.299,360.742,567.507,738.892,804.525,915.121,"1,071.95",933.99,"1,046.82","1,162.73","1,155.55","1,180.36","1,241.00",946.877,860.51,827.149,884.815,861.246,880.393
Chile,"4,443.66","4,770.31","6,192.91","7,600.08","9,473.01","10,507.89","10,749.24","10,219.74","12,793.55","14,610.75","15,307.77","15,804.34","14,643.86","13,572.07","13,775.84","15,075.25","15,901.73","15,399.24",11713.40156
China,"1,150.23","1,293.12","1,512.64","1,765.73","2,110.56","2,703.00","3,467.03","3,837.90","4,524.06","5,582.89","6,329.46","7,080.83","7,701.69","8,166.76","8,115.83","8,677.40","9,580.24","10,098.87",5205.457389
Colombia,"2,347.51","2,240.21","2,737.59","3,384.62","3,717.54","4,684.01","5,444.82","5,170.53","6,285.20","7,264.11","7,950.37","8,103.47","7,998.83","6,088.68","5,799.62","6,325.49","6,641.51","6,508.13",5482.901278
Comoros,757.399,949.68,"1,055.36","1,085.66","1,110.98","1,251.86","1,403.80","1,351.15","1,322.64","1,450.16","1,403.42","1,500.73","1,505.18","1,259.83","1,274.44","1,304.77","1,391.38","1,349.79",1262.678944
Democratic Republic of the Congo,165.772,160.842,171.721,189.034,218.022,245.818,280.395,257.769,288.015,334.393,368.393,398.627,425.329,435.979,409.046,407.705,495.635,500.554,319.6138333
Republic of Congo,"1,006.06","1,138.46","1,475.97","1,884.80","2,335.52","2,192.49","2,934.70","2,624.97","3,363.89","3,951.72","3,556.02","3,561.11","3,492.50","2,067.09","1,835.81","2,054.53","2,617.52","2,534.49",2479.313
Costa Rica,"4,108.17","4,213.89","4,470.86","4,743.15","5,295.91","6,187.39","7,003.46","6,897.24","8,264.20","9,260.86","10,054.53","10,632.95","10,679.13","11,422.60","11,779.24","11,810.18","12,039.11","12,014.80",8382.092611
C“te d'Ivoire,726.988,878.415,925.951,931.407,945.846,"1,053.56","1,222.77","1,194.38","1,193.21","1,199.68","1,220.33","1,388.02","1,528.19","1,397.30","1,450.92","1,527.83","1,680.97","1,691.31",1230.948
Croatia,"6,241.22","8,051.03","9,354.10","10,208.61","11,348.39","13,550.44","15,892.04","14,159.41","13,550.44","14,575.90","13,249.45","13,664.97","13,610.80","11,779.01","12,367.80","13,382.06","14,870.42","14,949.76",12489.21283
Cyprus,"16,188.39","20,389.50","23,969.99","25,527.08","27,448.57","31,774.61","36,003.31","32,646.77","31,260.14","32,699.81","29,066.92","27,825.18","27,273.65","23,248.20","24,119.72","25,957.85","28,341.05","27,719.69",27303.35611
Czech Republic,"8,028.36","9,777.81","11,687.92","13,362.34","15,206.40","18,434.54","22,819.46","19,787.77","19,831.40","21,736.84","19,739.90","19,912.51","19,768.84","17,728.70","18,485.24","20,409.98","23,112.59","23,213.95",17946.9195
Denmark,"33,275.56","40,512.05","46,571.28","48,872.10","52,121.25","58,641.19","64,531.12","58,286.54","58,177.16","61,864.09","58,623.41","61,325.58","62,729.50","53,478.50","54,665.22","57,380.20","60,897.23","59,795.27",55097.06856
Djibouti,"1,240.88","1,270.62","1,312.14","1,358.03","1,433.16","1,536.89","1,734.62","1,741.30","1,833.85","2,011.15","2,137.60","2,235.73","2,359.42","2,532.60","2,638.00","2,711.46","2,786.79","2,936.21",1989.469444
Dominica,"4,680.26","4,825.77","5,165.22","5,127.44","5,497.25","5,939.91","6,463.44","6,904.00","6,975.99","7,082.73","6,870.30","7,096.22","7,402.80","7,645.44","8,135.09","7,401.09","7,541.63","8,380.98",6618.641778
Dominican Republic,"3,158.39","2,460.55","2,540.85","4,008.36","4,188.72","4,803.47","5,194.80","5,151.17","5,688.75","6,063.35","6,274.87","6,413.93","6,805.66","7,139.51","7,521.27","7,874.94","8,340.96","8,629.25",5681.044667
Ecuador,"2,180.39","2,434.98","2,700.12","3,025.01","3,351.48","3,588.31","4,267.47","4,241.94","4,633.25","5,192.88","5,664.89","6,030.50","6,347.00","6,099.35","6,046.30","6,216.61","6,367.59","6,249.39",4702.080056
Egypt,"1,356.68","1,254.10","1,195.37","1,330.46","1,563.48","1,861.05","2,270.36","2,578.05","2,921.76","3,077.34","3,383.11","3,400.32","3,524.42","3,731.18","3,686.07","2,495.02","2,573.29","3,046.59",2513.813889
El Salvador,"2,132.02","2,218.41","2,287.47","2,437.48","2,634.33","2,790.01","2,938.71","2,860.54","2,978.76","3,251.08","3,400.18","3,466.38","3,529.55","3,628.06","3,704.24","3,787.33","3,922.26","4,008.02",3109.711722
Equatorial Guinea,"3,093.25","5,419.70","8,209.47","10,806.15","12,732.03","15,761.84","22,742.38","16,530.21","17,136.45","21,451.89","21,557.65","20,246.99","19,245.65","11,213.47","9,196.29","9,692.34","10,453.13","8,927.44",13578.68478
Eritrea,137.365,159.181,197.145,189.881,203.747,215.907,190.327,260.819,311.985,395.773,422.28,358.537,466.618,352.323,380.485,323.508,331.862,342.6,291.1301667
Estonia,"5,361.68","7,218.91","8,922.07","10,420.44","12,649.23","16,762.29","18,295.53","14,839.88","14,818.44","17,644.04","17,544.54","19,179.84","20,387.09","17,531.06","18,244.65","20,381.01","23,330.28","23,523.60",15947.47544
Eswatini,"1,473.72","2,235.68","2,797.02","3,174.59","3,262.22","3,402.16","3,214.49","3,479.71","4,263.91","4,603.20","4,628.25","4,326.00","4,133.03","3,779.60","3,536.60","4,072.02","4,267.11","4,176.75",3601.446778
Ethiopia,116.789,120.873,138.553,165.218,198.344,249.209,334.145,397.808,360.829,379.381,493.321,535.264,613.101,702.767,777.294,817.49,852.883,953.179,455.9137778
Fiji,"2,467.63","3,079.88","3,601.94","3,943.46","4,041.68","4,405.52","4,536.36","3,678.44","4,005.09","4,790.87","5,017.72","5,268.42","5,611.17","5,362.56","5,614.41","6,071.67","6,208.26","6,379.71",4671.375944
Finland,"26,972.43","32,922.82","37,749.15","39,075.90","41,241.01","48,463.44","53,744.21","47,353.93","46,388.41","50,971.27","47,554.46","49,765.44","50,087.91","42,576.49","43,574.35","45,948.22","49,737.55","48,868.74",44610.87333
France,"25,137.40","30,682.64","35,016.22","36,057.12","37,795.92","43,060.03","47,155.21","43,190.97","42,178.58","45,419.97","42,372.07","44,144.62","44,616.46","37,937.86","38,348.51","40,108.92","42,953.27","41,760.61",39885.35289
Gabon,"4,210.28","5,015.60","5,837.62","6,942.70","7,271.09","8,652.15","10,418.28","7,856.85","8,933.31","10,893.46","9,903.41","9,760.75","9,746.79","7,453.11","7,082.22","7,370.20","8,220.40","8,112.32",7982.251278
The Gambia,631.566,581.319,642.755,665.721,662.362,780.379,924.514,833.282,860.639,762.761,742.78,700.515,607.429,649.511,683.998,676.656,712.512,755.046,715.2080556
Georgia,850.804,"1,006.45","1,301.72","1,636.70","1,992.09","2,626.83","3,325.49","2,811.93","3,062.85","3,825.16","4,237.93","4,340.71","4,441.77","3,759.60","3,856.07","4,046.89","4,346.15","4,289.32",3097.691944
Germany,"25,460.33","30,668.85","34,534.60","35,020.20","36,894.47","42,299.86","46,367.86","42,338.71","42,379.58","46,697.38","43,883.26","46,299.08","48,035.80","41,159.94","42,115.60","44,333.81","47,662.49","46,563.99",41261.98906
Ghana,714.156,858.791,970.464,"1,147.60","1,315.81","1,516.05","1,677.37","1,462.80","1,745.54","2,123.65","2,184.39","2,389.77","1,962.66","1,753.85","1,941.46","2,037.95","2,216.84","2,223.42",1680.142722
Greece,"14,171.84","18,530.22","22,007.85","22,624.07","24,857.21","28,899.95","32,198.01","29,819.23","26,972.87","25,896.93","22,171.91","21,805.26","21,726.89","18,114.72","18,110.87","18,897.64","20,317.18","19,974.37",22616.50089
Grenada,"5,292.23","5,773.08","5,836.18","6,754.51","6,766.48","7,324.21","7,947.44","7,395.05","7,365.66","7,410.48","7,583.18","7,956.06","8,569.92","9,333.27","9,892.57","10,439.93","10,939.29","11,381.38",7997.828056
Guatemala,"1,701.77","1,753.34","1,872.74","2,077.84","2,256.56","2,489.95","2,794.24","2,635.74","2,825.51","3,187.84","3,299.60","3,452.83","3,687.75","3,923.56","4,140.72","4,469.46","4,545.09","4,616.85",3096.1875
Guinea,444.663,517.03,538.88,470.57,426.419,628.711,675.387,637.478,631.291,540.562,637.791,712.982,729.798,712.047,679.947,794.6,910.063,981.016,648.2908333
Guinea-Bissau,329.097,375.224,409.263,442.427,436.726,502.822,612.615,572.184,582.498,736.846,649.04,671.127,662.383,643.916,708.391,793.768,822.005,786.292,596.4791111
Guyana,"1,560.63","1,605.18","1,686.74","1,767.39","1,960.28","2,333.86","2,570.32","2,697.15","3,000.38","3,408.19","3,775.15","3,926.00","4,028.33","4,168.48","4,531.24","4,635.61","4,984.10","5,252.05",3216.170889
Haiti,393.362,332.428,387.978,465.468,504.756,615.793,674.925,668.332,661.853,740.934,766.861,810.414,830.033,814.456,735.213,765.598,868.763,784.08,656.7359444
Honduras,"1,132.87","1,157.31","1,217.66","1,311.74","1,437.63","1,592.57","1,751.60","1,802.88","1,919.47","2,113.28","2,178.42","2,136.74","2,242.71","2,341.28","2,382.61","2,491.47","2,523.80","2,548.46",1904.582111
Hong Kong SAR,"24,731.08","23,856.48","24,873.90","26,551.77","28,028.16","30,494.55","31,487.94","30,593.99","32,422.06","34,951.03","36,619.81","38,230.07","40,182.28","42,321.71","43,496.30","46,096.48","48,450.61","49,334.35",35151.25317
Hungary,"6,655.22","8,413.01","10,286.31","11,193.84","11,441.42","13,893.38","15,729.06","13,019.04","13,073.96","14,097.94","12,873.20","13,646.27","14,182.70","12,487.23","12,822.51","14,272.75","16,484.19","17,463.28",12890.85056
Iceland,"32,433.60","39,567.45","47,612.44","57,267.86","57,408.96","69,928.20","56,759.31","41,220.97","43,080.60","47,600.73","46,073.94","49,815.68","54,527.56","52,838.36","62,004.70","72,283.29","74,515.47","67,037.34",53998.69161
India,491.989,571.555,656.517,747.335,837.46,"1,076.84","1,048.74","1,153.19","1,422.93","1,497.75","1,481.56","1,485.60","1,610.36","1,639.69","1,761.63","2,014.01","2,037.69","2,171.64",1317.025833
Indonesia,"1,002.91","1,186.85","1,280.70","1,403.88","1,764.79","2,064.23","2,418.04","2,464.96","3,178.13","3,688.53","3,744.53","3,684.00","3,533.61","3,367.69","3,605.72","3,884.72","3,870.56","4,163.76",2794.866222
Islamic Republic of Iran,"1,957.43","2,272.50","2,734.03","3,288.37","3,834.73","4,929.06","5,621.05","5,608.98","6,504.87","7,680.86","5,118.47","5,152.04","5,395.79","4,723.48","5,026.65","5,289.80","5,416.53","5,506.23",4781.158444
Iraq,n/a,608.655,"1,373.74","1,828.74","2,321.26","3,090.85","4,472.12","3,701.86","4,473.71","5,848.54","6,692.58","7,021.41","6,704.31","5,047.12","4,842.55","5,263.21","5,881.52","5,738.45",4406.505941
Ireland,"32,470.37","40,933.11","47,353.78","50,442.10","53,765.86","60,810.76","61,143.04","52,114.14","48,708.63","51,834.31","48,848.48","51,461.98","55,390.22","61,791.03","62,938.22","69,462.90","78,334.87","77,771.21",55865.27817
Israel,"18,433.05","18,963.27","19,885.35","20,559.21","21,836.34","24,907.92","29,557.07","27,726.36","30,670.34","33,713.12","32,524.75","36,325.04","37,695.56","35,791.22","37,332.94","40,558.53","41,728.19","42,823.31",30612.8655
Italy,"22,310.07","27,495.04","31,250.43","31,936.39","33,341.61","37,685.47","40,658.14","36,862.39","35,655.11","38,011.62","34,470.42","35,219.33","35,456.72","30,153.43","30,823.99","32,195.43","34,320.75","32,946.52",33377.38089
Jamaica,"3,700.05","3,562.46","3,816.91","4,187.91","4,430.51","4,756.27","5,054.56","4,435.27","4,812.26","5,232.30","5,332.49","5,104.90","4,953.22","5,029.07","4,986.45","5,193.49","5,406.37","5,460.98",4747.5265
Japan,"32,300.67","34,831.20","37,696.72","37,223.77","35,463.87","35,342.48","39,453.49","41,014.19","44,673.61","48,168.80","48,632.90","40,490.16","38,156.33","34,568.93","38,804.86","38,342.74","39,303.96","40,846.78",39184.19089
Jordan,"1,812.29","1,889.22","2,061.46","2,203.09","2,537.30","2,762.82","3,384.15","3,492.10","3,679.19","3,826.55","3,930.95","4,054.77","4,129.99","4,145.48","4,151.16","4,201.66","4,270.17","4,386.61",3384.386333
Kazakhstan,"1,657.16","2,062.29","2,862.50","3,753.44","5,261.03","6,733.45","8,349.29","7,116.37","9,005.04","11,552.57","12,300.18","13,789.17","12,713.56","10,435.17","7,662.01","8,970.88","9,401.21","9,139.11",7931.356889
Kenya,473.995,524.743,549.163,621.283,743.439,895.226,978.454,982.003,"1,038.95","1,054.98","1,238.88","1,318.79","1,431.32","1,453.30","1,522.29","1,683.95","1,830.59","1,997.55",1129.938
Kiribati,824.831,"1,016.38","1,128.37","1,212.13","1,166.44","1,376.28","1,456.91","1,332.07","1,518.57","1,741.14","1,798.26","1,731.38","1,655.86","1,556.50","1,598.89","1,641.57","1,640.68","1,574.70",1442.829333
Korea,"13,165.08","14,672.81","16,496.13","19,402.50","21,743.48","24,086.41","21,350.43","19,138.38","23,087.23","25,096.26","25,466.76","27,182.74","29,249.58","28,732.23","29,296.05","31,577.35","33,319.99","31,430.60",24138.55561
Kosovo,"1,781.06","2,178.61","2,220.74","2,264.21","2,340.25","2,792.69","3,320.60","3,244.92","3,290.46","3,764.22","3,582.01","3,885.73","4,098.92","3,637.44","3,766.22","4,027.27","4,432.56","4,442.36",3281.681278
Kuwait,"15,759.07","18,786.75","21,585.56","27,014.77","31,907.20","33,732.52","42,827.13","30,414.74","32,216.41","41,657.44","45,726.19","44,754.34","40,278.05","27,398.08","25,267.15","26,863.33","30,969.44","29,266.98",31468.06417
Kyrgyz Republic,323.343,382.888,436.496,478.77,546.621,725.487,971.678,876.933,884.846,"1,131.47","1,189.52","1,295.23","1,292.62","1,132.84","1,131.84","1,254.51","1,293.46","1,292.98",924.5293333
Lao P.D.R.,335.686,405.111,467.758,530.059,669.723,800.103,983.764,"1,045.89","1,200.87","1,412.04","1,581.90","1,830.51","1,997.99","2,130.63","2,324.94","2,454.87","2,565.98","2,670.21",1411.556556
Latvia,"4,116.13","5,111.50","6,315.40","7,533.79","9,635.17","14,010.24","16,316.83","12,131.33","11,223.02","13,735.62","13,762.16","14,951.88","15,680.89","13,587.69","14,071.74","15,654.43","18,032.62","18,171.65",12446.78189
Lebanon,"5,343.65","5,260.89","5,473.48","5,390.21","5,434.25","6,086.80","7,109.51","8,480.99","8,858.28","8,734.19","8,996.56","8,882.80","8,619.26","8,540.39","8,530.36","8,778.47","9,251.21","9,654.81",7634.783611
Lesotho,441.119,637.051,794.361,851.046,870.724,"1,001.12",922.427,"1,083.00","1,309.59","1,431.87","1,358.87","1,273.88","1,330.37","1,166.54","1,207.21","1,324.83","1,333.43","1,338.52",1093.109722
Liberia,329.274,260.968,307.058,316.487,360.524,424.942,512.351,504.518,550.36,640.709,707.708,777.479,777.021,764.411,772.393,754.663,727.8,703.826,566.2495556
Libya,"3,833.57","4,831.42","5,988.39","8,467.72","9,659.64","11,711.14","12,570.87","8,524.77","11,417.42","5,402.25","12,693.64","8,282.15","3,876.41","2,719.95","2,903.74","4,738.59","6,287.65","5,019.58",7162.717556
Lithuania,"4,146.11","5,505.59","6,706.03","7,868.55","9,246.55","12,318.37","15,034.24","11,864.82","12,006.36","14,374.02","14,349.44","15,698.48","16,571.43","14,299.10","14,988.57","16,845.33","18,994.38","19,266.79",12782.45333
Macao SAR,"16,622.64","18,346.56","22,881.10","24,969.75","28,805.63","34,084.16","38,086.67","39,615.34","50,921.11","65,867.58","73,937.75","84,859.86","86,997.50","70,133.00","70,278.05","77,414.52","81,728.23","81,151.93",53705.63239
Madagascar,262.742,317.421,245.67,275.516,292.991,379.066,472.38,417.177,414.145,456.329,444.958,462.46,452.81,400.348,406.411,447.569,459.257,463.869,392.8399444
Malawi,272.824,245.144,259.727,267.785,284.729,306.9,358.416,405.62,442.765,493.843,359.588,317.471,343.979,353.507,294.755,325.01,349.938,370.747,336.2637778
Malaysia,"4,441.85","4,740.32","5,244.87","5,678.60","6,353.41","7,483.41","8,769.40","7,545.11","9,047.20","10,398.24","10,806.84","10,851.66","11,165.26","9,663.11","9,523.30","9,960.32","11,072.39","11,136.81",8549.005167
Maldives,"2,952.22","3,690.79","4,238.04","3,960.43","5,268.78","6,128.46","7,337.93","7,450.78","8,086.67","8,078.26","8,719.53","9,766.15","10,787.47","11,781.09","12,447.19","13,510.17","14,571.31","15,562.51",8574.320278
Mali,345.813,404.925,454.12,504.44,539.607,616.723,719.334,722.924,732.402,861.874,801.102,827.335,872.028,772.639,802.399,854.149,926.542,924.178,704.5852222
Malta,"11,337.66","13,648.26","15,126.47","15,899.49","16,765.53","19,584.63","22,099.29","20,813.35","21,148.92","22,911.84","22,070.03","24,032.63","26,328.80","24,373.19","25,419.81","27,730.11","30,608.50","30,650.17",21697.14961
Marshall Islands,"2,546.27","2,576.43","2,630.46","2,740.61","2,849.33","2,978.24","2,958.77","2,962.44","3,180.50","3,302.32","3,497.43","3,590.89","3,444.55","3,363.37","3,652.92","3,822.16","3,878.67","3,924.83",3216.677167
Mauritania,472.953,542.357,617.684,716.665,"1,053.06","1,100.95","1,275.40","1,146.23","1,322.34","1,537.26","1,513.10","1,618.22","1,488.79","1,303.46","1,235.17","1,268.88","1,319.27","1,392.46",1162.457444
Mauritius,"4,196.43","5,005.42","5,626.00","5,516.20","5,695.98","6,574.66","8,030.05","7,318.13","8,000.38","9,197.04","9,291.24","9,637.02","10,151.73","9,258.56","9,681.42","10,485.01","11,228.11","11,360.67",8125.224611
Mexico,"7,465.92","6,964.63","7,383.02","8,189.16","8,997.27","9,588.51","9,973.02","7,975.42","9,258.20","10,204.51","10,261.05","10,764.33","10,980.99","9,673.64","8,815.54","9,366.66","9,796.98","10,118.17",9209.833222
Micronesia,"2,277.95","2,311.65","2,268.90","2,370.44","2,413.78","2,457.38","2,531.36","2,710.27","2,885.87","3,032.45","3,192.67","3,095.86","3,112.86","3,080.33","3,241.26","3,548.96","3,634.18","3,718.00",2882.452722
Moldova,551.248,658.922,866.001,999.052,"1,142.31","1,478.48","2,036.94","1,831.31","1,959.63","2,364.74","2,446.30","2,669.23","2,675.04","2,174.33","2,273.16","2,726.54","3,190.83","3,300.09",1963.563556
Mongolia,662.699,747.092,919.767,989.177,"1,321.61","1,616.14","2,109.27","1,687.55","2,602.37","3,702.36","4,281.33","4,293.83","4,081.02","3,842.54","3,576.82","3,595.38","4,017.22","4,132.66",2676.601389
Montenegro,"2,064.15","2,734.63","3,372.00","3,676.89","4,431.31","5,984.70","7,397.04","6,746.44","6,693.87","7,327.25","6,590.58","7,189.05","7,389.89","6,517.42","7,031.53","7,800.27","8,762.68","8,703.93",6134.090056
Morocco,"1,453.94","1,768.60","1,999.13","2,063.31","2,242.73","2,549.88","2,946.93","2,922.59","2,896.56","3,111.54","2,979.74","3,200.48","3,259.72","2,964.96","2,996.65","3,147.85","3,365.52","3,345.03",2734.174944
Mozambique,257.603,279.204,330.198,361.492,382,423.366,502.5,475.416,429.948,524.891,589.818,604.999,619.907,528.934,379.004,426.091,474.508,484.405,448.5713333
Myanmar,162.283,197.611,246.159,274.473,295.172,362.973,512.417,643.149,800.245,"1,080.00","1,156.90","1,187.52","1,230.53","1,219.48","1,156.89","1,166.04","1,299.73","1,244.73",790.9056667
Namibia,"1,811.25","2,607.86","3,440.97","3,708.79","4,007.73","4,378.56","4,198.55","4,340.18","5,410.98","5,870.93","6,038.86","5,793.93","5,717.76","5,160.20","4,854.15","5,725.18","6,012.73","5,842.06",4717.815444
Nauru,n/a,n/a,"3,174.96","3,167.65","3,200.72","2,470.84","3,965.36","4,587.75","4,748.08","6,529.40","9,382.64","9,103.52","8,865.60","6,994.05","7,674.48","8,152.26","8,562.25","8,270.26",6178.113063
Nepal,241.688,252.299,286.157,317.736,346.945,391.344,470.452,478.173,592.369,703.044,698.466,715.89,743.099,792.553,777.148,911.444,"1,033.91","1,047.74",600.0254444
Netherlands,"29,401.98","35,814.27","40,477.30","42,054.88","44,936.01","51,880.38","58,015.40","52,807.45","51,165.82","54,342.11","50,175.56","52,276.99","53,026.48","45,302.80","46,165.18","48,799.87","53,228.27","52,367.85",47902.14417
New Zealand,"15,552.30","20,304.76","24,689.82","27,206.07","26,077.52","31,784.19","31,663.80","28,105.81","33,222.09","37,985.40","39,553.55","41,775.71","43,858.15","37,743.24","38,982.50","41,381.81","41,204.71","40,634.14",33429.19783
Nicaragua,"1,011.90","1,010.23","1,077.78","1,152.80","1,224.72","1,326.66","1,498.88","1,444.94","1,506.07","1,629.97","1,734.79","1,790.43","1,916.77","2,036.93","2,099.59","2,165.17","2,030.50","1,919.17",1587.628333
Niger,169.947,209.086,220.93,247.669,258.056,292.106,355.962,341.543,347.985,374.823,390.331,414.516,428.442,362.717,366.058,376.623,414.328,405.095,332.0120556
Nigeria,730.836,780.399,963.236,"1,221.65","1,563.03","1,791.82","2,197.78","1,927.48","2,328.43","2,543.50","2,756.41","2,998.06","3,222.68","2,726.34","2,180.27","1,971.79","2,032.86","2,222.01",2008.809
North Macedonia,"1,974.06","2,440.81","2,796.62","3,071.90","3,359.61","4,076.30","4,838.15","4,579.09","4,576.23","5,174.89","4,728.37","5,239.65","5,498.61","4,860.42","5,152.97","5,449.06","6,100.40","6,096.49",4445.201611
Norway,"42,997.96","50,046.31","57,512.22","66,687.79","73,970.27","84,915.64","96,563.22","79,746.89","87,356.19","1,00,197.17","1,01,129.87","1,02,576.71","96,657.58","74,115.18","70,223.84","75,306.64","81,549.98","77,975.43",78862.71628
Oman,"8,108.72","8,565.26","9,635.83","11,873.18","13,938.21","15,436.81","21,866.27","16,784.91","19,774.80","22,726.64","23,282.20","21,920.15","21,814.15","18,243.81","16,332.37","17,045.15","18,969.99","17,791.03",16894.96989
Pakistan,544.369,611.429,705.723,776.77,883.243,963.279,"1,037.61",998.186,"1,031.65","1,218.34","1,254.17","1,266.74","1,312.43","1,424.95","1,439.63","1,543.99","1,565.43","1,388.24",1109.232667
Palau,"8,421.10","7,879.46","8,382.41","9,303.47","9,585.14","10,057.07","10,427.26","9,839.41","10,033.82","10,762.29","11,986.97","12,838.75","14,006.77","15,875.44","16,782.10","15,995.09","16,195.28","16,736.10",11950.43972
Panama,"4,172.69","4,312.62","4,638.72","4,965.21","5,401.56","6,127.03","7,110.23","7,532.40","8,039.76","9,314.69","10,674.49","11,841.89","12,756.95","13,606.60","14,356.45","15,198.07","15,642.82","16,245.45",9552.090389
Papua New Guinea,855.595,"1,018.51","1,117.95","1,272.22","1,411.90","1,576.16","1,883.53","1,833.09","2,132.19","2,552.04","2,865.78","2,800.17","2,992.71","2,742.92","2,567.58","2,705.58","2,751.71","2,742.27",2101.217333
Paraguay,"1,312.08","1,377.52","1,693.89","1,857.77","2,284.98","2,988.68","4,047.76","3,622.63","4,347.21","5,298.45","5,151.37","5,882.78","6,050.04","5,353.08","5,259.94","5,609.85","5,934.18","5,692.18",4098.020889
Peru,"2,017.77","2,159.74","2,408.09","2,669.21","3,106.72","3,587.80","4,226.54","4,170.44","5,055.04","5,738.13","6,400.40","6,631.33","6,565.41","6,141.43","6,173.23","6,729.93","7,007.17","7,046.79",4879.732056
Philippines,"1,013.42","1,024.77","1,093.48","1,208.93","1,405.21","1,683.69","1,941.00","1,851.07","2,155.41","2,379.94","2,591.63","2,768.47","2,849.27","2,882.77","2,953.29","2,989.13","3,104.22","3,294.47",2177.231778
Poland,"5,195.28","5,691.34","6,684.46","8,019.77","9,035.26","11,264.72","14,004.76","11,541.35","12,601.92","13,886.83","13,158.07","13,777.30","14,342.83","12,565.74","12,427.65","13,871.68","15,425.68","14,901.55",11577.56483
Portugal,"12,927.59","15,793.86","18,055.87","18,790.56","19,840.47","22,813.65","24,946.26","23,126.19","22,539.04","23,213.11","20,576.83","21,653.51","22,109.32","19,252.01","19,986.36","21,482.86","23,437.39","23,030.79",20754.20311
Puerto Rico,"18,972.77","19,820.21","20,988.99","21,959.32","22,935.95","23,664.87","24,898.34","25,768.73","26,435.74","27,278.85","27,944.74","28,513.15","28,981.34","29,755.35","30,585.55","31,590.97","31,603.41","31,538.17",26290.91389
Qatar,"30,748.54","35,644.41","44,051.66","54,228.83","62,920.65","69,166.96","74,189.29","59,683.14","72,953.44","96,827.86","1,01,933.12","99,180.39","93,054.14","66,346.91","57,965.38","62,826.06","70,379.49","69,687.55",67877.10094
Romania,"2,113.60","2,672.81","3,483.73","4,604.45","5,740.40","8,262.41","10,385.85","8,517.60","8,190.57","9,081.72","8,518.92","9,537.82","10,004.88","8,950.46","9,538.93","10,761.71","12,269.84","12,482.97",8062.148167
Russia,"2,555.43","3,198.63","4,408.30","5,719.77","7,434.82","9,759.77","12,484.36","9,156.59","11,446.59","14,319.68","15,276.30","15,953.13","14,069.10","9,261.68","8,722.89","10,750.81","11,289.44","11,162.65",9831.661889
Rwanda,200.121,215.302,240.947,293.248,354.621,421.27,518.613,561.82,584.957,651.628,707.583,709.834,727.969,736.378,734.822,773.847,786.531,824.927,558.0232222
Samoa,"1,595.80","1,876.74","2,280.71","2,633.31","2,775.16","3,038.86","3,635.00","3,170.11","3,430.86","3,939.70","4,233.33","4,219.07","4,178.98","4,149.36","4,015.21","4,258.34","4,323.26","4,500.75",3458.585
San Marino,n/a,n/a,n/a,n/a,n/a,"72,991.53","79,110.20","67,011.54","60,426.24","57,512.89","50,336.19","51,986.53","51,234.87","43,068.69","44,308.67","45,887.69","48,948.13","47,279.93",55392.54592
S?o Tom‚ and Pr¡ncipe,552.891,647.954,692.685,809.407,839.546,885.101,"1,117.49","1,084.17","1,107.87","1,273.07","1,342.71","1,569.41","1,763.38","1,569.51","1,673.47","1,768.10","1,943.49","1,933.38",1254.090333
Saudi Arabia,"8,822.51","9,800.53","11,467.10","14,068.22","15,603.99","16,666.63","20,157.30","16,094.68","19,163.34","23,654.87","25,208.16","24,892.99","24,929.32","21,063.31","20,288.92","21,113.96","23,538.94","22,865.18",18855.5505
Senegal,652.081,815.347,929.274,980.628,"1,026.15","1,204.91","1,394.35","1,298.38","1,257.65","1,345.70","1,301.54","1,343.16","1,361.35","1,186.93","1,235.11","1,320.62","1,441.43","1,427.87",1195.693556
Serbia,"2,156.89","2,836.54","3,315.33","3,695.34","4,398.83","5,878.87","7,087.45","6,168.23","5,673.62","6,809.94","6,012.63","6,752.80","6,598.94","5,585.12","5,756.38","6,284.20","7,223.00","7,397.69",5535.099444
Seychelles,"8,431.92","8,524.94","10,176.66","11,093.31","12,014.42","12,155.70","11,480.43","9,707.27","10,805.10","11,647.02","11,999.90","14,762.22","14,701.37","14,786.12","15,218.51","15,915.52","16,574.68","17,052.23",12613.73967
Sierra Leone,258.174,272.053,271.396,299.269,331.015,368.86,418.785,399.926,410.595,457.917,578.302,731.066,721.558,599.574,522.355,503.347,539.205,546.645,457.2245556
Singapore,"22,159.83","23,730.38","27,608.08","29,961.31","33,768.45","39,432.90","40,008.58","38,926.81","47,236.67","53,891.46","55,547.55","56,967.43","57,564.80","55,645.61","56,722.27","60,296.79","64,578.77","63,987.07",46001.93006
Slovak Republic,"4,620.67","6,330.05","8,027.23","9,129.07","10,683.52","14,349.95","18,048.56","16,572.78","16,633.53","18,227.83","17,295.01","18,205.63","18,668.68","16,197.77","16,564.77","17,629.16","19,579.31","19,547.66",14795.06456
Slovenia,"11,804.77","14,873.63","17,254.83","18,152.13","19,723.80","23,912.49","27,744.21","24,854.23","23,570.18","25,156.14","22,674.49","23,516.53","24,263.96","20,898.91","21,640.27","23,498.09","26,145.65","26,170.25",21991.91911
Solomon Islands,744.048,704.085,793.967,915.158,980.042,"1,048.64","1,207.90","1,160.79","1,293.86","1,733.71","1,935.74","2,010.29","2,042.09","1,971.55","2,052.82","2,092.14","2,197.25","2,246.72",1507.267111
South Africa,"2,496.99","3,744.26","4,838.95","5,383.76","5,610.63","6,091.65","5,765.55","5,880.32","7,311.74","7,997.07","7,487.85","6,824.45","6,429.83","5,731.73","5,266.88","6,119.89","6,353.85","6,100.35",5857.540722
South Sudan,n/a,n/a,n/a,n/a,n/a,n/a,n/a,n/a,n/a,"1,644.74","1,041.46","1,337.23","1,309.95","1,225.19",281.507,273.137,353.165,275.184,860.1738889
Spain,"17,091.89","21,533.40","24,989.66","26,529.52","28,531.63","32,748.18","35,698.15","32,423.72","30,801.28","31,875.79","28,584.38","29,237.32","29,686.72","25,849.69","26,681.57","28,381.06","30,733.17","29,961.11",28407.67811
Sri Lanka,"1,027.57","1,125.19","1,221.08","1,431.30","1,645.07","1,869.83","2,336.44","2,396.63","2,807.66","3,212.76","3,349.78","3,608.29","3,818.40","3,842.25","3,885.76","4,104.33","4,099.12","3,946.59",2762.669389
St. Kitts and Nevis,"10,251.27","9,881.84","10,522.56","11,219.68","13,095.20","13,845.79","14,925.41","14,696.76","14,776.44","15,726.39","15,224.90","15,791.92","15,483.41","15,690.94","16,356.50","17,007.81","17,512.58","18,245.90",14458.6285
St. Lucia,"5,059.13","5,499.45","5,875.12","6,182.28","6,818.83","7,607.93","7,554.17","7,767.18","8,447.61","8,640.21","8,515.02","8,690.24","9,031.64","9,521.04","9,678.11","10,246.58","10,754.86","11,075.92",8164.738056
St. Vincent and the Grenadines,"4,327.68","4,494.06","4,846.87","5,091.85","5,624.41","6,272.15","6,366.43","6,172.30","6,224.21","6,171.18","6,318.68","6,569.84","6,622.44","6,867.60","7,033.58","7,187.57","7,353.72","7,750.79",6183.075889
Sudan,554.652,635.575,772.939,996.677,"1,249.77","1,599.60","1,700.51","1,401.24","1,637.42","2,034.46","1,396.29","1,462.58","1,628.50","1,698.08","1,403.15","1,126.55",816.543,714.295,1268.268444
Suriname,"2,872.14","3,335.53","3,789.59","4,483.53","5,208.56","5,758.07","6,832.95","7,394.10","8,224.07","8,190.70","9,194.15","9,351.96","9,379.00","8,439.17","5,498.94","5,260.04","5,798.16","6,310.95",6406.755833
Sweden,"29,677.01","37,018.85","42,460.16","43,077.34","46,110.95","53,139.38","55,682.20","46,582.58","52,607.40","60,397.85","57,653.11","60,616.49","59,528.90","51,126.77","51,599.45","53,412.28","54,356.07","51,241.91",50349.37211
Switzerland,"41,551.99","48,285.03","53,447.45","55,113.81","57,800.43","63,959.39","72,938.73","70,321.28","74,885.00","88,902.89","83,958.73","85,673.43","87,159.83","82,511.34","80,629.21","80,763.57","83,161.90","83,716.81",71932.26722
Syria,"1,305.09","1,208.89","1,361.50","1,510.39","1,726.03","2,016.05","2,557.21","2,557.27","2,806.69",n/a,n/a,n/a,n/a,n/a,n/a,n/a,n/a,n/a,1894.345111
Taiwan Province of China,"13,715.53","14,094.37","15,360.72","16,503.31","16,984.54","17,780.93","18,102.95","16,959.78","19,261.67","20,911.64","21,269.61","21,887.99","22,638.92","22,373.56","22,572.70","24,389.68","25,007.75","24,827.90",19702.41883
Tajikistan,187.958,236.394,308.844,337.129,401.586,519.025,702.445,666.024,738.287,834.52,949.648,"1,040.15","1,105.20",919.073,795.981,800.802,825.77,877.34,680.3429444
Tanzania,382.262,401.072,428.906,459.751,491.351,551.879,683.137,693.025,732.315,768.16,867.857,970.348,"1,030.74",947.897,966.29,"1,002.87","1,039.74","1,104.79",751.2435556
Thailand,"2,133.12","2,404.94","2,714.64","2,955.79","3,442.38","4,058.38","4,471.12","4,298.30","5,174.53","5,600.65","5,979.22","6,296.19","6,079.69","5,967.67","6,113.42","6,730.56","7,448.12","7,791.95",4981.147444
Timor-Leste,553.991,580.375,"1,132.74","1,870.69","2,687.61","2,851.53","4,246.91","3,060.25","3,782.96","5,263.59","6,044.52","4,992.18","3,491.60","2,610.36","2,065.22","2,005.28","2,163.53","2,262.84",2870.342944
Togo,324.834,392.424,408.29,401.714,402.867,444.015,539.342,533.229,527.786,579.67,565.022,613.624,633.068,563.759,587.598,615.671,670.323,671.4,526.3686667
Tonga,"1,908.08","2,108.81","2,454.27","2,788.97","2,889.03","3,177.85","3,406.44","3,351.96","3,819.22","4,437.44","4,503.60","4,371.58","4,332.31","4,052.35","4,276.80","4,672.33","4,858.42","4,862.27",3681.762222
Trinidad and Tobago,"7,159.00","8,927.64","10,438.77","12,467.75","14,273.56","16,807.87","21,464.21","14,801.21","16,958.00","19,320.96","19,208.07","20,107.68","20,286.55","18,470.34","15,937.60","16,251.51","16,378.65","16,365.64",15868.05561
Tunisia,"2,345.99","2,762.05","3,112.91","3,194.48","3,371.54","3,778.89","4,308.91","4,131.02","4,140.47","4,256.84","4,137.57","4,198.85","4,274.47","3,827.64","3,665.80","3,452.67","3,421.78","3,287.09",3648.275333
Turkey,"3,589.39","4,642.90","5,952.83","7,277.94","7,898.99","9,562.94","10,691.76","8,881.76","10,475.57","11,140.95","11,552.69","12,395.37","12,022.18","10,914.89","10,817.39","10,551.14","9,405.32","8,957.89",9262.8835
Turkmenistan,"1,880.29","2,443.63","3,004.97","3,596.23","4,429.64","5,312.93","4,350.13","4,036.46","4,439.20","5,649.98","6,675.28","7,304.42","7,962.37","6,432.67","6,412.14","6,642.52","7,064.74","7,816.02",5302.978556
Tuvalu,"1,661.54","1,946.38","2,255.92","2,229.48","2,324.76","2,713.06","3,053.41","2,683.97","3,059.16","3,687.99","3,541.91","3,499.05","3,459.46","3,280.97","3,362.05","3,688.65","3,796.40","3,834.83",3004.386889
Uganda,278.964,278.825,331.993,372.282,406.739,488.914,604.626,628.759,662.223,669.297,755.416,767.235,775.095,646.894,676.948,702.448,724.209,770.062,585.6071667
Ukraine,885.315,"1,055.95","1,374.75","1,839.52","2,319.29","3,101.39","3,944.72","2,557.28","2,982.81","3,589.63","3,872.53","3,968.80","3,053.61","2,124.62","2,200.00","2,655.94","3,112.88","3,592.17",2679.5115
United Arab Emirates,"32,790.71","35,017.31","39,304.51","43,988.67","44,313.59","41,472.29","39,074.84","30,920.45","35,064.26","41,194.73","42,723.58","43,197.43","43,340.02","37,380.57","36,226.23","37,251.94","39,709.01","37,749.88",38928.88878
United Kingdom,"29,912.99","34,302.42","40,111.75","41,842.70","44,403.81","50,315.56","47,469.38","38,601.32","39,122.19","41,649.66","42,023.10","42,981.25","47,003.88","44,494.86","40,657.86","39,976.78","42,579.82","41,030.23",41582.19767
United States,"37,971.28","39,411.55","41,629.86","44,025.56","46,213.51","47,869.24","48,283.41","47,007.67","48,402.58","49,825.50","51,556.17","53,061.24","55,010.07","56,787.46","57,901.07","59,999.51","62,868.92","65,111.60",50718.67683
Uruguay,"4,073.42","3,614.63","4,102.58","5,189.89","5,842.81","6,984.82","9,029.33","9,372.49","11,859.90","14,054.33","14,961.68","16,723.45","16,572.36","15,365.96","15,139.12","17,046.21","17,014.13","17,029.25",11332.01939
Uzbekistan,471.134,488.077,572.034,673.856,792.878,"1,025.08","1,294.69","1,489.09","1,696.06","1,886.63","2,097.09","2,300.78","2,514.07","2,621.98","2,575.52","1,810.27","1,550.04","1,831.57",1538.379333
Vanuatu,"1,313.46","1,542.06","1,743.29","1,824.51","1,985.36","2,353.42","2,614.74","2,593.79","2,841.25","3,093.46","3,067.75","3,108.79","3,110.71","2,880.95","2,929.52","3,158.84","3,254.87","3,260.22",2593.164944
Venezuela,"3,790.66","3,265.55","4,309.50","5,419.79","6,617.04","8,138.29","10,469.17","8,448.32","10,324.75","11,548.91","11,293.13","7,869.44","7,029.89","10,568.10","9,092.02","4,755.03","3,410.85","2,547.76",7161.010833
Vietnam,440.209,489.034,603.668,699.682,796.928,920.463,"1,154.49","1,181.45","1,297.23","1,532.31","1,750.76","1,898.90","2,047.43","2,085.71","2,172.01","2,353.36","2,551.12","2,739.82",1484.142833
Yemen,560.031,597.771,682.148,797.704,881.648,971.326,"1,171.17","1,060.93","1,266.79","1,302.30","1,367.72","1,515.95","1,574.25","1,307.16",963.976,819.339,895.344,943.343,1037.715833
Zambia,376.468,429.01,530.54,691.785,"1,030.28","1,103.45","1,365.69","1,134.76","1,456.16","1,635.51","1,724.71","1,839.54","1,727.03","1,310.35","1,252.70","1,500.65","1,503.40","1,307.03",1217.725333
Zimbabwe,922.878,822.472,806.898,764.632,677.881,646.558,553.376,790.352,975.851,"1,131.84","1,310.37","1,421.55","1,415.03","1,425.01","1,409.45","1,516.28","1,434.06",859.953,1049.135278
